originals	nias_TOKEN	nias_TRANSLITERATED	nias_COMMON
manada	m a n a d a	m a n a d a	manada
irugi	i r u gi	i r u c	iruc
loo irugi	l o o # i r u gi	l o o # i r u c	loo iruc
banúa sebúa	b a n ú a # s e b ú a	b a n u a # s e b u a	banua sebua
bangái	b a n g á i	b a n j a i	banjai
fao sa	f ao # s a	f a:o # s a	fa:o sa
tema halo	t e m a # h a l o	t e m a # h a l o	tema halo
gama²	g a m a ²	j a m a ²	jama²
idáno	i d á n o	i d a n o	idano
		⁇	⁇
		⁇	⁇
sópi	s ó p i	s o p i	sopi
ba gambólo	b a # g a m b ó l o	b a # j a m b o l o	ba jambolo
ba gambólo	b a # g a m b ó l o	b a # j a m b o l o	ba jambolo
		⁇	⁇
olòfo	o l ò f o	o l O f o	olOfo
olòfo	o l ò f o	o l O f o	olOfo
olòfo	o l ò f o	o l O f o	olOfo
olòfo	o l ò f o	o l O f o	olOfo
mondráli	m o n d r á l i	m o n d r a l i	mondrali
mondráli	m o n d r á l i	m o n d r a l i	mondrali
		⁇	⁇
simai	s i m ai	s i m a:i	sima:i
folulúi	f o l u l ú i	f o l u l u i	folului
casafi	c a s a f i	k a s a f i	kasafi
tolaghéu	t o l a g h é u	t o l a j h e u	tolajheu
tolaghéu	t o l a g h é u	t o l a j h e u	tolajheu
ohi	o h i	o h i	ohi
tano andré	t a n o # a n d r é	t a n o # a n d r e	tano andre
gièfo	gi è f o	c E f o	cEfo
si ava	s i # a v a	s i # a v a	si ava
di fèinu	d i # f è i n u	d i # f E i n u	di fEinu
alawa	a l a w a	a l a w a	alawa
monooi	m o n o o i	m o n o o i	monooi
maóso sangahúlo wòngi	m aó s o # s a n g a h ú l o # w ò n gi	m a:o s o # s a n j a h u l o # w O n c	ma:oso sanjahulo wOnc
omássidi	o m á s s i d i	o m a s s i d i	omassidi
afeto	a f e t o	a f e t o	afeto
awo	a w o	a w o	awo
awo	a w o	a w o	awo
tobali mafócho	t o b a l i # m a f ó c h o	t o b a l i # m a f o k h o	tobali mafokho
to	t o	t o	to
to	t o	t o	to
moi	m o i	m o i	moi
moi	m o i	m o i	moi
moi	m o i	m o i	moi
moi	m o i	m o i	moi
moi malu	m o i # m a l u	m o i # m a l u	moi malu
mo cho banúa	m o # c h o # b a n ú a	m o # k h o # b a n u a	mo kho banua
moi moro	m o i # m o r o	m o i # m o r o	moi moro
mahalo	m a h a l o	m a h a l o	mahalo
menana	m e n a n a	m e n a n a	menana
mufano	m u f a n o	m u f a n o	mufano
mufano	m u f a n o	m u f a n o	mufano
leiduru	l ei d u r u	l e:i d u r u	le:iduru
saliwa liwa ba nidano	s a l i w a # l i w a # b a # n i d a n o	s a l i w a # l i w a # b a # n i d a n o	saliwa liwa ba nidano
saliwa liwa ba dano	s a l i w a # l i w a # b a # d a n o	s a l i w a # l i w a # b a # d a n o	saliwa liwa ba dano
furugo	f u r u g o	f u r u j o	furujo
furugo	f u r u g o	f u r u j o	furujo
dodo ide ide	d o d o # i d e # i d e	d o d o # i d e # i d e	dodo ide ide
turu mani	t u r u # m a n i	t u r u # m a n i	turu mani
		⁇	⁇
aleu	a l e u	a l e u	aleu
teboca	t e b o c a	t e b o k a	teboka
		⁇	⁇
lamanu	l a m a n u	l a m a n u	lamanu
lamanu	l a m a n u	l a m a n u	lamanu
lamanu	l a m a n u	l a m a n u	lamanu
lamanu	l a m a n u	l a m a n u	lamanu
nisala	n i s a l a	n i s a l a	nisala
fanunu manu	f a n u n u # m a n u	f a n u n u # m a n u	fanunu manu
laòho òho	l aò h o # ò h o	l a:O h o # O h o	la:Oho Oho
laòho òho	l aò h o # ò h o	l a:O h o # O h o	la:Oho Oho
ogòo	o g ò o	o j O o	ojOo
ba gabèra	b a # g a b è r a	b a # j a b E r a	ba jabEra
labalobalói	l a b a l o b a l ó i	l a b a l o b a l o i	labalobaloi
búnu	b ú n u	b u n u	bunu
bulu sago	b u l u # s a g o	b u l u # s a j o	bulu sajo
		⁇	⁇
		⁇	⁇
		⁇	⁇
		⁇	⁇
		⁇	⁇
so	s o	s o	so
		⁇	⁇
olófo	o l ó f o	o l o f o	olofo
dodo bucala	d o d o # b u c a l a	d o d o # b u k a l a	dodo bukala
dodo odufo dufo	d o d o # o d u f o # d u f o	d o d o # o d u f o # d u f o	dodo odufo dufo
fasóndra	f a s ó n d r a	f a s o n d r a	fasondra
fasóndra	f a s ó n d r a	f a s o n d r a	fasondra
agombáva	a g o m b á v a	a j o m b a v a	ajombava
bumbèwe	b u m b è w e	b u m b E w e	bumbEwe
bumbèwe	b u m b è w e	b u m b E w e	bumbEwe
fasoro	f a s o r o	f a s o r o	fasoro
mondri	m o n d r i	m o n d r i	mondri
ba’a vemóndri	b a ’ a # v e m ó n d r i	b a ' a # v e m o n d r i	ba'a vemondri
manari	m a n a r i	m a n a r i	manari
maulèia	m au l è i a	m a:u l E i a	ma:ulEia
iraòno	i r aò n o	i r a:O n o	ira:Ono
iraòno	i r aò n o	i r a:O n o	ira:Ono
léwu	l é w u	l e w u	lewu
cole²	c o l e ²	k o l e ²	kole²
cole²	c o l e ²	k o l e ²	kole²
bae	b ae	b a:e	ba:e
gozo	g o z o	j o z o	jozo
fatucao	f a t u c ao	f a t u k a:o	fatuka:o
		⁇	⁇
gambi	g a m b i	j a m b i	jambi
rongo	r o n g o	r o n j o	ronjo
dundráha	d u n d r á h a	d u n d r a h a	dundraha
owo solòio	o w o # s o l òi o	o w o # s o l o:i o	owo solo:io
noá	n o á	n o a	noa
tobono	t o b o n o	t o b o n o	tobono
sochi	s o ch i	s o k i	soki
famadu	f a m a d u	f a m a d u	famadu
afusi	a f u s i	a f u s i	afusi
bava	b a v a	b a v a	bava
aia mbulocha	ai a # m b u l o c h a	a:i a # m b u l o k h a	a:ia mbulokha
siu	s i u	s i u	siu
siu	s i u	s i u	siu
siu	s i u	s i u	siu
siu	s i u	s i u	siu
uhalo	u h a l o	u h a l o	uhalo
uhalo	u h a l o	u h a l o	uhalo
otu²	o t u ²	o t u ²	otu²
acògi	a c ò gi	a k O c	akOc
acògi	a c ò gi	a k O c	akOc
atunu	a t u n u	a t u n u	atunu
lo sochi	l o # s o ch i	l o # s o k i	lo soki
latogi	l a t o gi	l a t o c	latoc
agomigómi	a g o m i g ó m i	a j o m i j o m i	ajomijomi
sochi	s o ch i	s o k i	soki
		⁇	⁇
memòlo	m e m ò l o	m e m O l o	memOlo
memòlo	m e m ò l o	m e m O l o	memOlo
aèchu	aè c h u	a:e k h u	a:ekhu
aucu	au c u	a:u k u	a:uku
famoro salo	f a m o r o # s a l o	f a m o r o # s a l o	famoro salo
lala	l a l a	l a l a	lala
		⁇	⁇
		⁇	⁇
asso	a s s o	a s s o	asso
asso	a s s o	a s s o	asso
tòbu	t ò b u	t O b u	tObu
fanúno	f a n ú n o	f a n u n o	fanuno
bu	b u	b u	bu
bu	b u	b u	bu
dodo moi	d o d o # m o i	d o d o # m o i	dodo moi
lofo	l o f o	l o f o	lofo
nagòle	n a g ò l e	n a j O l e	najOle
ibua boli	i b u a # b o l i	i b u a # b o l i	ibua boli
omo	o m o	o m o	omo
omo	o m o	o m o	omo
lo sochi	l o # s o ch i	l o # s o k i	lo soki
fanáo	f a n á o	f a n a o	fanao
raga²	r a g a ²	r a j a ²	raja²
raga²	r a g a ²	r a j a ²	raja²
raga²	r a g a ²	r a j a ²	raja²
raga²	r a g a ²	r a j a ²	raja²
		⁇	⁇
fagaoni	f a g ao n i	f a j a:o n i	faja:oni
fanòfu	f a n ò f u	f a n O f u	fanOfu
abòto horo	a b ò t o # h o r o	a b O t o # h o r o	abOto horo
		⁇	⁇
		⁇	⁇
ohi	o h i	o h i	ohi
bánio	b á n i o	b a n i o	banio
bánio	b á n i o	b a n i o	banio
buáia	b u á i a	b u a i a	buaia
io	i o	i o	io
fonu	f o n u	f o n u	fonu
fonu	f o n u	f o n u	fonu
baghi	b a g h i	b a j h i	bajhi
baghi	b a g h i	b a j h i	bajhi
ballatu	b a l l a t u	b a l l a t u	ballatu
ballatu	b a l l a t u	b a l l a t u	ballatu
ballatu	b a l l a t u	b a l l a t u	ballatu
ballatu	b a l l a t u	b a l l a t u	ballatu
ballatu	b a l l a t u	b a l l a t u	ballatu
ballatu	b a l l a t u	b a l l a t u	ballatu
ballatu	b a l l a t u	b a l l a t u	ballatu
ballatu	b a l l a t u	b a l l a t u	ballatu
ballatu	b a l l a t u	b a l l a t u	ballatu
ballatu	b a l l a t u	b a l l a t u	ballatu
ballatu	b a l l a t u	b a l l a t u	ballatu
ballatu	b a l l a t u	b a l l a t u	ballatu
oroisa	o r o i s a	o r o i s a	oroisa
falelé	f a l e l é	f a l e l e	falele
hadia doi da	h a d i a # d o i # d a	h a d i a # d o i # d a	hadia doi da
mamorotaigo	m a m o r o t ai g o	m a m o r o t a:i j o	mamorota:ijo
ebúa dodo	e b ú a # d o d o	e b u a # d o d o	ebua dodo
mowoli	m o w o l i	m o w o l i	mowoli
faho	f a h o	f a h o	faho
faihi	f ai h i	f a:i x i	fa:ixi
mani²	m a n i ²	m a n i ²	mani²
amui	a m u i	a m u i	amui
sináli	s i n á l i	s i n a l i	sinali
sináli	s i n á l i	s i n a l i	sinali
undro nidano	u n d r o # n i d a n o	u n d r o # n i d a n o	undro nidano
undro nidano	u n d r o # n i d a n o	u n d r o # n i d a n o	undro nidano
		⁇	⁇
		⁇	⁇
mano	m a n o	m a n o	mano
binu	b i n u	b i n u	binu
wole²	w o l e ²	w o l e ²	wole²
sataha	s a t a h a	s a t a h a	sataha
fondrino	f o n d r i n o	f o n d r i n o	fondrino
dodo	d o d o	d o d o	dodo
mameé	m a m e é	m a m e e	mamee
ifo	i f o	i f o	ifo
si bacha	s i # b a c h a	s i # b a k h a	si bakha
furi	f u r i	f u r i	furi
sameèli	s a m e è l i	s a m e E l i	sameEli
olifu	o l i f u	o l i f u	olifu
imané	i m a n é	i m a n e	imane
lo asèse	l o # a s è s e	l o # a s E s e	lo asEse
fasondrata	f a s o n d r a t a	f a s o n d r a t a	fasondrata
tòla	t ò l a	t O l a	tOla
faroi	f a r o i	f a r o i	faroi
ami	a m i	a m i	ami
fanaha	f a n a h a	f a n a h a	fanaha
fanaha	f a n a h a	f a n a h a	fanaha
maemòlu	m ae m ò l u	m a:e m O l u	ma:emOlu
alave	a l a v e	a l a v e	alave
dania	d a n i a	d a n i a	dania
moro	m o r o	m o r o	moro
moro	m o r o	m o r o	moro
moro	m o r o	m o r o	moro
hulu	h u l u	h u l u	hulu
heza	h e z a	h e z a	heza
ia	i a	i a	ia
andro	a n d r o	a n d r o	andro
famègo	f a m è g o	f a m E j o	famEjo
duu	d u u	d u u	duu
manema gondròita	m a n e m a # g o n d r òi t a	m a n e m a # j o n d r o:i t a	manema jondro:ita
so	s o	s o	so
mofocho	m o f o c h o	m o f o k h o	mofokho
bunú alito	b u n ú # a l i t o	b u n u # a l i t o	bunu alito
bava	b a v a	b a v a	bava
olofo	o l o f o	o l o f o	olofo
ono	o n o	o n o	ono
ono	o n o	o n o	ono
tai	t ai	t a:i	ta:i
mamazochi	m a m a z o ch i	m a m a z o k i	mamazoki
		⁇	⁇
achomo	a c h o m o	a k h o m o	akhomo
casana	c a s a n a	k a s a n a	kasana
mafocho	m a f o c h o	m a f o k h o	mafokho
socho	s o c h o	s o k h o	sokho
mamato	m a m a t o	m a m a t o	mamato
tráfa	t r á f a	t r a f a	trafa
siòli	s i ò l i	s i O l i	siOli
siòli sohòwu	s i ò l i # s o h ò w u	s i O l i # s o h O w u	siOli sohOwu
hohahòla	h o h a h ò l a	h o h a h O l a	hohahOla
ono	o n o	o n o	ono
bowo	b o w o	b o w o	bowo
ebu lowo	e b u # l o w o	e b u # l o w o	ebu lowo
ebu lowo	e b u # l o w o	e b u # l o w o	ebu lowo
luaha	l u a h a	l u a h a	luaha
auri	au r i	a:u r i	a:uri
atúa	a t ú a	a t u a	atua
taila	t ai l a	t a:i l a	ta:ila
taila	t ai l a	t a:i l a	ta:ila
abolobolo	a b o l o b o l o	a b o l o b o l o	abolobolo
abolobolo	a b o l o b o l o	a b o l o b o l o	abolobolo
talifusso	t a l i f u s s o	t a l i f u s s o	talifusso
talifusso	t a l i f u s s o	t a l i f u s s o	talifusso
talifusso	t a l i f u s s o	t a l i f u s s o	talifusso
		⁇	⁇
oafu	o a f u	o a f u	oafu
angango	a n g a n g o	a n j a n j o	anjanjo
bua	b u a	b u a	bua
manga ròco	m a n g a # r ò c o	m a n j a # r O k o	manja rOko
		⁇	⁇
alito	a l i t o	a l i t o	alito
manu	m a n u	m a n u	manu
		⁇	⁇
mao	m ao	m a:o	ma:o
mao	m ao	m a:o	ma:o
olohu	o l o h u	o l o h u	olohu
nòa	n ò a	n O a	nOa
nòa	n ò a	n O a	nOa
balu duhi	b a l u # d u h i	b a l u # d u h i	balu duhi
balu duhi	b a l u # d u h i	b a l u # d u h i	balu duhi
sara sibaia	s a r a # s i b ai a	s a r a # s i b a:i a	sara siba:ia
awúgiu	a w ú gi u	a w u c u	awucu
tou	t ou	t o:u	to:u
moi ba holu	m o i # b a # h o l u	m o i # b a # h o l u	moi ba holu
talinga ziu	t a l i n g a # z i u	t a l i n j a # z i u	talinja ziu
boo	b o o	b o o	boo
boo	b o o	b o o	boo
ebúa	e b ú a	e b u a	ebua
fanúwo	f a n ú w o	f a n u w o	fanuwo
menéwi	m e n é w i	m e n e w i	menewi
moi ba owo	m o i # b a # o w o	m o i # b a # o w o	moi ba owo
fondra u anaa	f o n d r a # u # a n a a	f o n d r a # u # a n a a	fondra u anaa
turu lúo	t u r u # l ú o	t u r u # l u o	turu luo
		⁇	⁇
rumiri	r u m i r i	r u m i r i	rumiri
falimo	f a l i m o	f a l i m o	falimo
awo	a w o	a w o	awo
fatua	f a t u a	f a t u a	fatua
dodo afocho	d o d o # a f o c h o	d o d o # a f o k h o	dodo afokho
iao	i ao	i a:o	ia:o
iao	i ao	i a:o	ia:o
fulu	f u l u	f u l u	fulu
bada o	b a d a # o	b a d a # o	bada o
bewe	b e w e	b e w e	bewe
bewe	b e w e	b e w e	bewe
idano horo	i d a n o # h o r o	i d a n o # h o r o	idano horo
gari mbanúa	g a r i # m b a n ú a	j a r i # m b a n u a	jari mbanua
toho	t o h o	t o h o	toho
ebólo	e b ó l o	e b o l o	ebolo
idano meme	i d a n o # m e m e	i d a n o # m e m e	idano meme
halowo	h a l o w o	h a l o w o	halowo
caòcha	c aò c h a	k a:O k h a	ka:Okha
eu	e u	e u	eu
ahoho	a h o h o	a h o h o	ahoho
lèla	l è l a	l E l a	lEla
lèla	l è l a	l E l a	lEla
arou	a r ou	a r o:u	aro:u
ra	r a	r a	ra
		⁇	⁇
bawa	b a w a	b a w a	bawa
enau	e n au	e n a:u	ena:u
ba	b a	b a	ba
si ta uno	s i # t a # u n o	s i # t a # u n o	si ta uno
ina	i n a	i n a	ina
angáo	a n g á o	a n j a o	anjao
mafocho	m a f o c h o	m a f o k h o	mafokho
mamantenge	m a m a n t e n g e	m a m a n t e n j e	mamantenje
manga	m a n g a	m a n j a	manja
manga	m a n g a	m a n j a	manja
		⁇	⁇
tanga	t a n g a	t a n j a	tanja
asi	a s i	a s i	asi
fangowalu	f a n g o w a l u	f a n j o w a l u	fanjowalu
ina matúa	i n a # m a t ú a	i n a # m a t u a	ina matua
maemolu	m ae m o l u	m a:e m o l u	ma:emolu
asoso	a s o s o	a s o s o	asoso
dálu²	d á l u ²	d a l u ²	dalu²
turu lawa	t u r u # l a w a	t u r u # l a w a	turu lawa
		⁇	⁇
ambo	a m b o	a m b o	ambo
falimo	f a l i m o	f a l i m o	falimo
tai	t ai	t a:i	ta:i
tai	t ai	t a:i	ta:i
tai	t ai	t a:i	ta:i
matónga	m a t ó n g a	m a t o n j a	matonja
turu si achi	t u r u # s i # a ch i	t u r u # s i # a k i	turu si aki
		⁇	⁇
lafeláu	l a f e l á u	l a f e l a u	lafelau
gu	g u	j u	ju
fa aharo dodo	f a # a h a r o # d o d o	f a # a h a r o # d o d o	fa aharo dodo
alave	a l a v e	a l a v e	alave
oia	o i a	o i a	oia
manoi	m a n o i	m a n o i	manoi
hili	h i l i	h i l i	hili
bawo	b a w o	b a w o	bawo
fausu	f au s u	f a:u s u	fa:usu
mate	m a t e	m a t e	mate
mate	m a t e	m a t e	mate
si lo hede hede	s i # l o # h e d e # h e d e	s i # l o # h e d e # h e d e	si lo hede hede
tumbu	t u m b u	t u m b u	tumbu
ichu	i c h u	i k h u	ikhu
abólo nòwo	a b ó l o # n ò w o	a b o l o # n O w o	abolo nOwo
owo	o w o	o w o	owo
owo	o w o	o w o	owo
emáli	e m á l i	e m a l i	emali
saito	s ai t o	s a:i t o	sa:ito
lo	l o	l o	lo
iaita	i ai t a	i a:i t a	ia:ita
iaita	i ai t a	i a:i t a	ia:ita
toi	t o i	t o i	toi
lo na	l o # n a	l o # n a	lo na
ma	m a	m a	ma
da	d a	d a	da
lo monucha	l o # m o n u c h a	l o # m o n u k h a	lo monukha
		⁇	⁇
molangi	m o l a n gi	m o l a n c	molanc
balazo	b a l a z o	b a l a z o	balazo
lavuo	l a v u o	l a v u o	lavuo
como	c o m o	k o m o	komo
horo	h o r o	h o r o	horo
arorodo manu	a r o r o d o # m a n u	a r o r o d o # m a n u	arorodo manu
mafonu	m a f o n u	m a f o n u	mafonu
maocho	m ao c h o	m a:o k h o	ma:okho
fanicha	f a n i c h a	f a n i k h a	fanikha
fuso	f u s o	f u s o	fuso
iada	i a d a	i a d a	iada
iada	i a d a	i a d a	iada
dalinga	d a l i n g a	d a l i n j a	dalinja
		⁇	⁇
io	i o	i o	io
wale²	w a l e ²	w a l e ²	wale²
wale²	w a l e ²	w a l e ²	wale²
tòla	t ò l a	t O l a	tOla
gòfu heza	g ò f u # h e z a	j O f u # h e z a	jOfu heza
lèfe	l è f e	l E f e	lEfe
oma	o m a	o m a	oma
		⁇	⁇
laza	l a z a	l a z a	laza
sibaia	s i b ai a	s i b a:i a	siba:ia
muhede	m u h e d e	m u h e d e	muhede
madono	m a d o n o	m a d o n o	madono
madono	m a d o n o	m a d o n o	madono
gòbi	g ò b i	j O b i	jObi
lomoi moi	l o m o i # m o i	l o m o i # m o i	lomoi moi
atau	a t au	a t a:u	ata:u
dodo ebolo	d o d o # e b o l o	d o d o # e b o l o	dodo ebolo
ohoho	o h o h o	o h o h o	ohoho
uli	u l i	u l i	uli
bu	b u	b u	bu
lada	l a d a	l a d a	lada
teala	t e a l a	t e a l a	teala
abua	a b u a	a b u a	abua
ia	i a	i a	ia
tutu	t u t u	t u t u	tutu
tutu	t u t u	t u t u	tutu
halu	h a l u	h a l u	halu
halu	h a l u	h a l u	halu
suchu	s u c h u	s u k h u	sukhu
memé susú	m e m é # s u s ú	m e m e # s u s u	meme susu
memé susú	m e m é # s u s ú	m e m e # s u s u	meme susu
tatoa	t a t o a	t a t o a	tatoa
mee	m e e	m e e	mee
manano	m a n a n o	m a n a n o	manano
figa	f i g a	f i j a	fija
figa	f i g a	f i j a	fija
ide²	i d e ²	i d e ²	ide²
ahe	a h e	a h e	ahe
ahe	a h e	a h e	ahe
afono	a f o n o	a f o n o	afono
cara	c a r a	k a r a	kara
gobé	g o b é	j o b e	jobe
teu	t e u	t e u	teu
na furi	n a # f u r i	n a # f u r i	na furi
awena	a w e n a	a w e n a	awena
		⁇	⁇
turu sebua	t u r u # s e b u a	t u r u # s e b u a	turu sebua
		⁇	⁇
arowaha	a r o w a h a	a r o w a h a	arowaha
bolocha	b o l o c h a	b o l o k h a	bolokha
bao	b ao	b a:o	ba:o
bawi	b a w i	b a w i	bawi
bawa ndruho	b a w a # n d r u h o	b a w a # n d r u h o	bawa ndruho
tola	t o l a	t o l a	tola
tola	t o l a	t o l a	tola
numána	n u m á n a	n u m a n a	numana
halo	h a l o	h a l o	halo
fangowálu	f a n g o w á l u	f a n j o w a l u	fanjowalu
alau	a l au	a l a:u	ala:u
me fona	m e # f o n a	m e # f o n a	me fona
ono siaa	o n o # s i a a	o n o # s i a a	ono siaa
		⁇	⁇
aloo	a l o o	a l o o	aloo
abou	a b ou	a b o:u	abo:u
hawara	h a w a r a	h a w a r a	hawara
hauga	h au g a	h a:u j a	ha:uja
ahoto	a h o t o	a h o t o	ahoto
dae	d ae	d a:e	da:e
dae	d ae	d a:e	da:e
daa	d a a	d a a	daa
tobo	t o b o	t o b o	tobo
wa'a	w a ' a	w a ' a	wa'a
tambago	t a m b a g o	t a m b a j o	tambajo
daha gheu	d a h a # g h e u	d a h a # j h e u	daha jheu
dodo bao	d o d o # b ao	d o d o # b a:o	dodo ba:o
lo asese	l o # a s e s e	l o # a s e s e	lo asese
fachilichili	f a ch i l i ch i l i	f a k i l i k i l i	fakilikili
fangalucho	f a n g a l u c h o	f a n j a l u k h o	fanjalukho
hanu²	h a n u ²	h a n u ²	hanu²
diala	d i a l a	d i a l a	diala
u o zocha	u # o # z o c h a	u # o # z o k h a	u o zokha
		⁇	⁇
maigi	m ai gi	m a:i c	ma:ic
maigi	m ai gi	m a:i c	ma:ic
osi	o s i	o s i	osi
osi	o s i	o s i	osi
famácha	f a m á c h a	f a m a k h a	famakha
lafa oroi	l a f a # o r o i	l a f a # o r o i	lafa oroi
faòsi si	f aò s i # s i	f a:O s i # s i	fa:Osi si
mangawuli	m a n g a w u l i	m a n j a w u l i	manjawuli
ifuli itema	i f u l i # i t e m a	i f u l i # i t e m a	ifuli itema
afato	a f a t o	a f a t o	afato
oio	o i o	o i o	oio
ue	u e	u e	ue
		⁇	⁇
		⁇	⁇
managonago	m a n a g o n a g o	m a n a j o n a j o	manajonajo
onèche	o n è ch e	o n E k e	onEke
do	d o	d o	do
lita	l i t a	l i t a	lita
sangila	s a n gi l a	s a n c l a	sancla
meha	m e h a	m e h a	meha
meha	m e h a	m e h a	meha
		⁇	⁇
huna²	h u n a ²	h u n a ²	huna²
ora	o r a	o r a	ora
abolowocho	a b o l o w o c h o	a b o l o w o k h o	abolowokho
milo tou	m i l o # t ou	m i l o # t o:u	milo to:u
milo tou	m i l o # t ou	m i l o # t o:u	milo to:u
boto zi máte	b o t o # z i # m á t e	b o t o # z i # m a t e	boto zi mate
fawude	f a w u d e	f a w u d e	fawude
fawude	f a w u d e	f a w u d e	fawude
gowe	g o w e	j o w e	jowe
faetósa	f ae t ó s a	f a:e t o s a	fa:etosa
na	n a	n a	na
odufodufo	o d u f o d u f o	o d u f o d u f o	odufodufo
odufodufo	o d u f o d u f o	o d u f o d u f o	odufodufo
dadaau	d a d a au	d a d a a:u	dadaa:u
oo	o o	o o	oo
oo	o o	o o	oo
gofuheza	g o f u h e z a	j o f u h e z a	jofuheza
afocho	a f o c h o	a f o k h o	afokho
owi	o w i	o w i	owi
awochi dodo	a w o ch i # d o d o	a w o k i # d o d o	awoki dodo
awochi dodo	a w o ch i # d o d o	a w o k i # d o d o	awoki dodo
e	e	e	e
simané	s i m a n é	s i m a n e	simane
gambera	g a m b e r a	j a m b e r a	jambera
tola latoro	t o l a # l a t o r o	t o l a # l a t o r o	tola latoro
lúo	l ú o	l u o	luo
ha	h a	h a	ha
		⁇	⁇
		⁇	⁇
		⁇	⁇
afiso	a f i s o	a f i s o	afiso
talifuso alawe	t a l i f u s o # a l a w e	t a l i f u s o # a l a w e	talifuso alawe
talifuso alawe	t a l i f u s o # a l a w e	t a l i f u s o # a l a w e	talifuso alawe
talifuso alawe	t a l i f u s o # a l a w e	t a l i f u s o # a l a w e	talifuso alawe
tawi²	t a w i ²	t a w i ²	tawi²
alisi	a l i s i	a l i s i	alisi
bezini	b e z i n i	b e z i n i	bezini
sasáo	s a s á o	s a s a o	sasao
faotona	f ao t o n a	f a:o t o n a	fa:otona
bèchu	b è c h u	b E k h u	bEkhu
fangowálu	f a n g o w á l u	f a n j o w a l u	fanjowalu
menghedilo	m e n g h e d i l o	m e n j h e d i l o	menjhedilo
erege dodo	e r e g e # d o d o	e r e j e # d o d o	ereje dodo
mudadao dofi	m u d a d ao # d o f i	m u d a d a:o # d o f i	mudada:o dofi
manica	m a n i c a	m a n i k a	manika
lala	l a l a	l a l a	lala
baho	b a h o	b a h o	baho
nifachico	n i f a ch i c o	n i f a k i k o	nifakiko
muta	m u t a	m u t a	muta
dodo mate	d o d o # m a t e	d o d o # m a t e	dodo mate
dania	d a n i a	d a n i a	dania
nia	n i a	n i a	nia
lora	l o r a	l o r a	lora
		⁇	⁇
laforo	l a f o r o	l a f o r o	laforo
laforo gambi	l a f o r o # g a m b i	l a f o r o # j a m b i	laforo jambi
fanaba	f a n a b a	f a n a b a	fanaba
ataro	a t a r o	a t a r o	ataro
moghichi	m o g h i ch i	m o j h i k i	mojhiki
cabúa	c a b ú a	k a b u a	kabua
tano	t a n o	t a n o	tano
durú	d u r ú	d u r u	duru
hogo	h o g o	h o j o	hojo
hogo	h o g o	h o j o	hojo
sanongoni	s a n o n g o n i	s a n o n j o n i	sanonjoni
lafaduhu	l a f a d u h u	l a f a d u h u	lafaduhu
lafaduhu	l a f a d u h u	l a f a d u h u	lafaduhu
bulu nomo	b u l u # n o m o	b u l u # n o m o	bulu nomo
bulu nomo	b u l u # n o m o	b u l u # n o m o	bulu nomo
atau	a t au	a t a:u	ata:u
latebu gara	l a t e b u # g a r a	l a t e b u # j a r a	latebu jara
dogodogo	d o g o d o g o	d o j o d o j o	dojodojo
mamacao	m a m a c ao	m a m a k a:o	mamaka:o
mochehacheha	m o ch e h a ch e h a	m o k e h a k e h a	mokehakeha
famalúa li	f a m a l ú a # l i	f a m a l u a # l i	famalua li
		⁇	⁇
		⁇	⁇
nisondra	n i s o n d r a	n i s o n d r a	nisondra
fefu	f e f u	f e f u	fefu
saa	s a a	s a a	saa
saa	s a a	s a a	saa
niha	n i h a	n i x a	nixa
adúlo	a d ú l o	a d u l o	adulo
naha nono	n a h a # n o n o	n a h a # n o n o	naha nono
ta uno	t a # u n o	t a # u n o	ta uno
mabú	m a b ú	m a b u	mabu
fòfo	f ò f o	f O f o	fOfo
famunu	f a m u n u	f a m u n u	famunu
faoma	f ao m a	f a:o m a	fa:oma
lau	l au	l a:u	la:u
bahibahino	b a h i b a h i n o	b a h i b a h i n o	bahibahino
		⁇	⁇
mofano	m o f a n o	m o f a n o	mofano
amui	a m u i	a m u i	amui
		⁇	⁇
atúa	a t ú a	a t u a	atua
mamaigi	m a m ai gi	m a m a:i c	mama:ic
laha mbanùa	l a h a # m b a n ù a	l a h a # m b a n u a	laha mbanua
si mate donga	s i # m a t e # d o n g a	s i # m a t e # d o n j a	si mate donja
		⁇	⁇
		⁇	⁇
		⁇	⁇
nifamawe	n i f a m a w e	n i f a m a w e	nifamawe
falaombalo	f a l ao m b a l o	f a l a:o m b a l o	fala:ombalo
aine	ai n e	a:i n e	a:ine
angi	a n gi	a n c	anc
talu	t a l u	t a l u	talu
talu	t a l u	t a l u	talu
búto	b ú t o	b u t o	buto
ono alave	o n o # a l a v e	o n o # a l a v e	ono alave
si duhu	s i # d u h u	s i # d u h u	si duhu
hò	h ò	h O	hO
wecoli	w e c o l i	w e k o l i	wekoli
		⁇	⁇
		⁇	⁇
banúa	b a n ú a	b a n u a	banua
simona	s i m o n a	s i m o n a	simona
bava	b a v a	b a v a	bava
auri	au r i	a:u r i	a:uri
li	l i	l i	li
hunombo	h u n o m b o	h u n o m b o	hunombo
bechoggu	b e c h o g g u	b e k h o j j u	bekhojju
lo osisi	l o # o s i s i	l o # o s i s i	lo osisi
die	d i e	d i e	die
die	d i e	d i e	die
facu	f a c u	f a k u	faku
ahelahela	a h e l a h e l a	a h e l a h e l a	ahelahela
laidgiu	l ai d gi u	l a:i d c u	la:idcu
sára	s á r a	s a r a	sara
duá	d u á	d u a	dua
tolu	t o l u	t o l u	tolu
ofa	o f a	o f a	ofa
lima	l i m a	l i m a	lima
ono	o n o	o n o	ono
fitu	f i t u	f i t u	fitu
walu	w a l u	w a l u	walu
siwa	s i w a	s i w a	siwa
fúlu	f ú l u	f u l u	fulu
fele dgiára	f e l e # d gi á r a	f e l e # d c a r a	fele dcara
felendrúa	f e l e n d r ú a	f e l e n d r u a	felendrua
fele dolu	f e l e # d o l u	f e l e # d o l u	fele dolu
fele ofa	f e l e # o f a	f e l e # o f a	fele ofa
fele lima	f e l e # l i m a	f e l e # l i m a	fele lima
fele ono	f e l e # o n o	f e l e # o n o	fele ono
fele witu	f e l e # w i t u	f e l e # w i t u	fele witu
fele walu	f e l e # w a l u	f e l e # w a l u	fele walu
fele dgíwa	f e l e # d g í w a	f e l e # d j i w a	fele djiwa
dua wulu	d u a # w u l u	d u a # w u l u	dua wulu
tolungafulu	t o l u n g a f u l u	t o l u n j a f u l u	tolunjafulu
siwa wulu	s i w a # w u l u	s i w a # w u l u	siwa wulu
otu	o t u	o t u	otu
duangaotu	d u a n g ao t u	d u a n j a:o t u	duanja:otu
hono	h o n o	h o n o	hono
